INSERT INTO account (email_verified, account_id, date_created, date_updated, token_expiration, email, password, username, verification_token, authorities) VALUES (TRUE, 1, '2024-12-30 09:00:00', '2024-12-30 09:10:00', '2024-12-31 12:00:00', 'ethan.parker@example.com', '$2a$10$IZY1meWikLKc4g.Nv3iwUe.SuLDZz4ON.47yimkBMV7JWXM6//9.W', 'Ethan_Parker', 'token_ethanparker', NULL),(TRUE, 2, '2024-12-30 09:20:00', '2024-12-30 09:30:00', '2024-12-31 12:00:00', 'olivia.morgan@example.com', '$2a$10$B.HEIZaxTwi8pwf6pSyrLeqQPvgf.crY8rzUBAK1BAXnipV8pjOt.', 'Olivia_Morgan', 'token_oliviamorgan', NULL),(TRUE, 3, '2024-12-30 09:40:00', '2024-12-30 09:50:00', '2024-12-31 12:00:00', 'mike.brown@example.com', '$2a$10$IChM2.oGpga3ESeFuprbiuFLzjsLqj.H9UFh9hiWkBEMjisPWCSSm', 'Mike_Brown', 'token_mikebrown', NULL),(TRUE, 4, '2024-12-30 10:00:00', '2024-12-30 10:10:00', '2024-12-31 12:00:00', 'alice.johnson@example.com', '$2a$10$PHimExUyduIwQAxlrhED4.CIBUXu6CyFP5/mEY0eukxMKGioSet2S', 'Alice_Johnson', 'token_alicejohnson', NULL),(TRUE, 5, '2024-12-30 10:20:00', '2024-12-30 10:30:00', '2024-12-31 12:00:00', 'bob.taylor@example.com', '$2a$10$7e88Faiow.6DyTSxs7JpnuttddvbldxRmQutDcRPEANeHe6PfMHJO', 'Bob_Taylor', 'token_bobtaylor', NULL),(TRUE, 6, '2024-12-30 10:40:00', '2024-12-30 10:50:00', '2024-12-31 12:00:00', 'emily.davis@example.com', '$2a$10$IM/m/Mfw7y7U0y99WKBnv.ONssl5jrITkDlWYGbgq55/F76/52.rC', 'Emily_Davis', 'token_emilydavis', NULL),(TRUE, 7, '2024-12-30 11:00:00', '2024-12-30 11:10:00', '2024-12-31 12:00:00', 'charlie.wilson@example.com', '$2a$10$XabjVCutdCHo4FjExF8WqO3oV/caDakCoADYxr0Umvm5t2Mtgh1ea', 'Charlie_Wilson', 'token_charliewilson', NULL),(TRUE, 8, '2024-12-30 11:20:00', '2024-12-30 11:30:00', '2024-12-31 12:00:00', 'sophia.lee@example.com', '$2a$10$WNs4hsdjzCW9tMp2UmoLQusQfqrvIA81IPsVKEi5aF7wETQCfM6Ry', 'Sophia_Lee', 'token_sophialee', NULL),(TRUE, 9, '2024-12-30 11:40:00', '2024-12-30 11:50:00', '2024-12-31 12:00:00', 'david.king@example.com', '$2a$10$abcxyz0phTuPZZLKIO2MrNopBv0MSMxLBq.O1234567hNYb0ijHty', 'David_King', 'token_davidking', NULL),(TRUE, 10, '2024-12-30 12:00:00', '2024-12-30 12:10:00', '2024-12-31 12:00:00', 'lisa.hall@example.com', '$2a$10$Def123abXyzLUa9hG.KjQNu7CBwBl1MNoPsXY765098AmJdh7TYwW', 'Lisa_Hall', 'token_lisahall', NULL),(TRUE, 11, '2025-01-05 13:00:00', '2025-01-05 13:10:00', '2025-01-06 12:00:00', 'bhumik@example.com', '$2a$10$Abc123...', 'Bhumik', 'token_bhumik', NULL),(TRUE, 12, '2025-01-05 13:20:00', '2025-01-05 13:30:00', '2025-01-06 12:00:00', 'bitsu@example.com', '$2a$10$Def456...', 'Bitsu', 'token_bitsu', NULL),(TRUE, 13, '2025-01-05 13:40:00', '2025-01-05 13:50:00', '2025-01-06 12:00:00', 'branden@example.com', '$2a$10$Ghi789...', 'Branden', 'token_branden', NULL),(TRUE, 14, '2025-01-05 14:00:00', '2025-01-05 14:10:00', '2025-01-06 12:00:00', 'ee-jett@example.com', '$2a$10$Jkl012...', 'Ee-Jett', 'token_eejett', NULL),(TRUE, 15, '2025-01-05 14:20:00', '2025-01-05 14:30:00', '2025-01-06 12:00:00', 'jeremy@example.com', '$2a$10$Mno345...', 'Jeremy', 'token_jeremy', NULL),(TRUE, 16, '2025-01-05 14:40:00', '2025-01-05 14:50:00', '2025-01-06 12:00:00', 'liam@example.com', '$2a$10$Pqr678...', 'Liam', 'token_liam', NULL),(TRUE, 17, '2025-01-05 15:00:00', '2025-01-05 15:10:00', '2025-01-06 12:00:00', 'matt@example.com', '$2a$10$Stu901...', 'Matt', 'token_matt', NULL),(TRUE, 18, '2025-01-05 15:20:00', '2025-01-05 15:30:00', '2025-01-06 12:00:00', 'michael@example.com', '$2a$10$Vwx234...', 'Michael', 'token_michael', NULL),(TRUE, 19, '2025-01-05 15:40:00', '2025-01-05 15:50:00', '2025-01-06 12:00:00', 'shadalarus@example.com', '$2a$10$Yza567...', 'Shadalarus', 'token_shadalarus', NULL),(TRUE, 20, '2025-01-05 16:00:00', '2025-01-05 16:10:00', '2025-01-06 12:00:00', 'tony@example.com', '$2a$10$Bcd890...', 'Tony', 'token_tony', NULL),(TRUE, 21, '2025-01-05 16:20:00', '2025-01-05 16:30:00', '2025-01-06 12:00:00', 'venus@example.com', '$2a$10$Efg123...', 'Venus', 'token_venus', NULL),(TRUE, 22, '2025-01-05 16:40:00', '2025-01-05 16:50:00', '2025-01-06 12:00:00', 'weiyi@example.com', '$2a$10$Hij456...', 'Weiyi', 'token_weiyi', NULL);
INSERT INTO user_info (account_id, first_name, last_name, biography, gender) VALUES (1, 'Ethan', 'Parker', 'Enjoys hiking and photography.', 'Male'),(2, 'Olivia', 'Morgan', 'Loves coding and coffee.', 'Female'),(3, 'Mike', 'Brown', 'Avid gamer and tech enthusiast.', 'Male'),(4, 'Alice', 'Johnson', 'Yoga instructor and traveler.', 'Female'),(5, 'Bob', 'Taylor', 'History buff and chess player.', 'Male'),(6, 'Emily', 'Davis', 'Bookworm and aspiring writer.', 'Female'),(7, 'Charlie', 'Wilson', 'Music producer and DJ.', 'Male'),(8, 'Sophia', 'Lee', 'Entrepreneur and foodie.', 'Female'),(9, 'David', 'King', 'Photographer and art enthusiast.', 'Male'),(10, 'Lisa', 'Hall', 'Fitness trainer and wellness coach.', 'Female'),(11, 'Bhumik', 'Patel', 'Excited to join Infosys!', 'Male'),(12, 'Bitsu', 'Rai', 'Loving the challenge of Project 2.', 'Female'),(13, 'Branden', 'Taylor', 'Pumped about next week’s interview.', 'Male'),(14, 'Ee-Jett', 'Lim', 'Working hard and enjoying it!', 'Female'),(15, 'Jeremy', 'Brown', 'Learning so much in training.', 'Male'),(16, 'Liam', 'Davis', 'Ready to show what I’ve got at Infosys.', 'Male'),(17, 'Matt', 'Hall', 'Looking forward to new opportunities.', 'Male'),(18, 'Michael', 'Wilson', 'Proud of the progress we’re making.', 'Male'),(19, 'Shadalarus', 'Lee', 'Project 2 is tough but rewarding.', 'Male'),(20, 'Tony', 'King', 'Jokingly calls Pablo “Our fearless leader.”', 'Male'),(21, 'Venus', 'Taylor', 'Happy to collaborate with amazing teammates.', 'Female'),(22, 'Weiyi', 'Chen', 'Feeling motivated and inspired.', 'Female');
INSERT INTO post (account_id, date_created, content) VALUES (1, '2025-01-05 10:00:00', 'Spent a lovely day at the park with my dog.'),(2, '2025-01-05 10:15:00', 'Had a fantastic game at the basketball court!'),(3, '2025-01-05 10:30:00', 'Cape Town is absolutely stunning during sunset.'),(4, '2025-01-05 10:45:00', 'Enjoying a peaceful cross-country skiing adventure.'),(5, '2025-01-05 11:00:00', 'Celebrating Hanukkah with family traditions.'),(6, '2025-01-05 11:15:00', 'Exploring the rugged beauty of New Mexico.'),(7, '2025-01-05 11:30:00', 'Las Vegas sunsets never get old.'),(8, '2025-01-05 11:45:00', 'Nepalese mountains are a hiker’s dream.'),(9, '2025-01-05 12:00:00', 'Family skiing trip in the Alps!'),(10, '2025-01-05 12:15:00', 'South Africa’s culture and landscape are unforgettable.'),(11, '2025-01-05 10:05:00', 'Project 2 has been a fantastic learning experience!'),(12, '2025-01-05 10:25:00', 'Preparing for Infosys interview next week. So excited!'),(13, '2025-01-05 10:55:00', 'Feeling grateful for this amazing team.'),(14, '2025-01-05 11:05:00', 'Our trainer Pablo is the best, even when he roasts us.'),(15, '2025-01-05 11:25:00', 'Excited about starting my career with Infosys.'),(16, '2025-01-05 11:50:00', 'Can’t wait to see everyone shine in the interview next week.'),(17, '2025-01-05 12:05:00', 'Project 2 has been a rollercoaster, but we’re almost there!'),(18, '2025-01-05 12:20:00', 'Great progress this week on the app’s features.'),(19, '2025-01-05 10:35:00', 'Pablo’s feedback on Project 2 has been invaluable.'),(20, '2025-01-05 11:30:00', 'Loving the teamwork vibe in our cohort.'),(21, '2025-01-05 11:05:00', 'Feeling proud of what we’ve accomplished so far.'),(22, '2025-01-05 13:20:00', 'Project 2 really tested my skills, but I’m stronger for it.');
INSERT INTO comment (account_id, date_created, post_id, content) VALUES (2, '2025-01-05 10:20:00', 1, 'Your dog looks so happy at the park!'),(3, '2025-01-05 10:35:00', 2, 'What a competitive game! Loved watching it.'),(4, '2025-01-05 10:50:00', 3, 'Cape Town is on my travel list now.'),(5, '2025-01-05 11:05:00', 4, 'Cross-country skiing looks so relaxing.'),(6, '2025-01-05 11:20:00', 5, 'Happy Hanukkah! The menorah is beautiful.'),(7, '2025-01-05 11:35:00', 6, 'New Mexico has such amazing views!'),(8, '2025-01-05 11:50:00', 7, 'Las Vegas has the best sunsets, I agree.'),(9, '2025-01-05 12:05:00', 8, 'Nepal’s mountains are truly breathtaking.'),(10, '2025-01-05 12:20:00', 9, 'Your family skiing trip looks amazing!'),(11, '2025-01-05 12:35:00', 10, 'South Africa is a gem! Great photo.'),(3, '2025-01-05 14:30:00', 11, 'Learning from Project 2 has been so rewarding!'),(4, '2025-01-05 14:45:00', 12, 'Best of luck with the Infosys interview!'),(5, '2025-01-05 15:00:00', 13, 'This team is truly amazing to work with.'),(6, '2025-01-05 15:15:00', 14, 'Pablo’s sense of humor keeps things interesting!'),(7, '2025-01-05 15:30:00', 15, 'Excited for the journey ahead with Infosys.'),(8, '2025-01-05 15:45:00', 16, 'Great insights shared during today’s session!'),(9, '2025-01-05 16:00:00', 17, 'We’re so close to the finish line. Let’s do this!'),(10, '2025-01-05 16:15:00', 18, 'Fantastic progress on the app features!'),(11, '2025-01-05 16:30:00', 19, 'Pablo’s advice has been incredibly helpful.'),(12, '2025-01-05 16:45:00', 20, 'The teamwork this cohort brings is unmatched.'),(13, '2025-01-05 17:00:00', 21, 'Feeling inspired by what we’ve accomplished.'),(14, '2025-01-05 17:15:00', 22, 'Project 2 really pushed us to grow and learn.');
INSERT INTO reaction (account_id, post_id, comment_id, reaction_type) VALUES (1, 1, NULL, 'LIKE'),(2, 2, NULL, 'LIKE'),(3, 3, NULL, 'LIKE'),(4, 4, NULL, 'LIKE'),(5, 5, NULL, 'LIKE'),(6, 6, NULL, 'LIKE'),(7, 7, NULL, 'LIKE'),(8, 8, NULL, 'LIKE'),(9, 9, NULL, 'LIKE'),(10, 10, NULL, 'LIKE'),(11, 11, NULL, 'LIKE'),(12, 12, NULL, 'LIKE'),(13, 13, NULL, 'LIKE'),(14, 14, NULL, 'LIKE'),(15, 15, NULL, 'LIKE'),(16, 16, NULL, 'LIKE'),(17, 17, NULL, 'LIKE'),(18, 18, NULL, 'LIKE'),(19, 19, NULL, 'LIKE'),(20, 20, NULL, 'LIKE'),(21, 21, NULL, 'LIKE'),(22, 22, NULL, 'LIKE'),(1, NULL, 1, 'LIKE'),(2, NULL, 2, 'LIKE'),(3, NULL, 3, 'LIKE'),(4, NULL, 4, 'LIKE'),(5, NULL, 5, 'LIKE'),(6, NULL, 6, 'LIKE'),(7, NULL, 7, 'LIKE'),(8, NULL, 8, 'LIKE'),(9, NULL, 9, 'LIKE'),(10, NULL, 10, 'LIKE');
INSERT INTO image (account_id, comment_id, image_id, post_id, bucket_key, e_tag, file_name, image_type, user_info_id) VALUES (1, NULL, 1, 1, 'atdogpark.jpg', 'c35e2893280b30171d85bfce16379d8e', 'atdogpark.jpg', 'POST', NULL),(2, NULL, 2, 2, 'basketballpark.jpg', 'd499319d09db0562e9f8bc48546f64e4', 'basketballpark.jpg', 'POST', NULL),(3, NULL, 3, 3, 'capetown.jpg', '282ad7c01f6c9f4255460f3b214bc10b', 'capetown.jpg', 'POST', NULL),(4, NULL, 4, 4, 'ccskiing.jpg', '4cd0d66f4a89014ab57a45370ddd4f22', 'ccskiing.jpg', 'POST', NULL),(5, NULL, 5, 5, 'hanukhah.jpg', 'a63500b6b04975837ce564b4c8964959', 'hanukhah.jpg', 'POST', NULL),(6, NULL, 6, 6, 'hikingnewmexico.jpg', '8aeb8296fc398d14dc9ab60067815843', 'hikingnewmexico.jpg', 'POST', NULL),(7, NULL, 7, 7, 'lasvegassunset.jpg', '2d80efa19cf5649d57ed221b3aab9169', 'lasvegassunset.jpg', 'POST', NULL),(8, NULL, 8, 8, 'nepal.jpg', 'ce1ce679cb8f441f8a14a5d5dcc4fd2b', 'nepal.jpg', 'POST', NULL),(9, NULL, 9, 9, 'skiingfamily.jpg', 'a23ceda702688817a0a092128d72020d', 'skiingfamily.jpg', 'POST', NULL),(10, NULL, 10, 10, 'southafrica.jpg', 'aab55ccbecf8bc615b0b054c4f03da2a', 'southafrica.jpg', 'POST', NULL),(1, NULL, 11, NULL, 'EthanParker.jpg', 'a1e229837abf30171d85bfce16379e3f', 'EthanParker.jpg', 'PROFILE', 1),(2, NULL, 12, NULL, 'OliviaMorgan.jpg', 'b27f938fd09db0562e9f8bc48546f8e7', 'OliviaMorgan.jpg', 'PROFILE', 2),(3, NULL, 13, NULL, 'MikeBrown.jpg', 'c92ed72c01f6c9f4255460f3b214ac13', 'MikeBrown.jpg', 'PROFILE', 3),(4, NULL, 14, NULL, 'AliceJohnson.jpg', 'd4cd0d66f4a89014ab57a45370ddd4f3', 'AliceJohnson.jpg', 'PROFILE', 4),(5, NULL, 15, NULL, 'BobTaylor.jpg', 'e7a350b6b04975837ce564b4c8964f8f', 'BobTaylor.jpg', 'PROFILE', 5),(6, NULL, 16, NULL, 'EmilyDavis.jpg', 'f8beb8296fc398d14dc9ab6006781e3c', 'EmilyDavis.jpg', 'PROFILE', 6),(7, NULL, 17, NULL, 'CharlieWilson.jpg', 'g2d80efa19cf5649d57ed221b3aab9189', 'CharlieWilson.jpg', 'PROFILE', 7),(8, NULL, 18, NULL, 'SophiaLee.jpg', 'hce1ce679cb8f441f8a14a5d5dcc4fd2c', 'SophiaLee.jpg', 'PROFILE', 8),(9, NULL, 19, NULL, 'DavidKing.jpg', 'i23ceda702688817a0a092128d72020d', 'DavidKing.jpg', 'PROFILE', 9),(10, NULL, 20, NULL, 'LisaHall.jpg','jaa55ccbecf8bc615b0b054c4f03da2b', 'LisaHall.jpg', 'PROFILE', 10),(11, NULL, 21, NULL, 'Bhumik.jpg', 'etag1', 'Bhumik.jpg', 'PROFILE', 11),(12, NULL, 22, NULL, 'Bitsu.jpg', 'etag2', 'Bitsu.jpg', 'PROFILE', 12),(13, NULL, 23, NULL, 'Branden.jpg', 'etag3', 'Branden.jpg', 'PROFILE', 13),(14, NULL, 24, NULL, 'Ee-Jett.jpg', 'etag4', 'Ee-Jett.jpg', 'PROFILE', 14),(15, NULL, 25, NULL, 'Jeremy.jpg', 'etag5', 'Jeremy.jpg', 'PROFILE', 15),(16, NULL, 26, NULL, 'Liam.jpg', 'etag6', 'Liam.jpg', 'PROFILE', 16),(17, NULL, 27, NULL, 'Matt.jpg', 'etag7', 'Matt.jpg', 'PROFILE', 17),(18, NULL, 28, NULL, 'Michael.jpg', 'etag8', 'Michael.jpg', 'PROFILE', 18),(19, NULL, 29, NULL, 'Shadalarus.jpg', 'etag9', 'Shadalarus.jpg', 'PROFILE', 19),(20, NULL, 30, NULL, 'Tony.jpg', 'etag10', 'Tony.jpg', 'PROFILE', 20),(21, NULL, 31, NULL, 'Venus.jpg', 'etag11', 'Venus.jpg', 'PROFILE', 21),(22, NULL, 32, NULL, 'Weiyi.jpg', 'etag12', 'Weiyi.jpg', 'PROFILE', 22);


-- jane_smith: MyS3cureP@ss 
-- mike_brown: Brownie123 
-- alice_johnson: Yog@Love! 
-- bob_taylor: ChessM@ster 
-- emily_davis: Writer2024 
-- charlie_wilson: DJMixItUp! 
-- sophia_lee: BusinessRocks

